idx,RSI
9,65.14
10,77.87
11,69.18
12,55.09
13,32.94
14,21.45
15,24.63
16,21.58
17,18.68
18,2.4
19,21.1
20,29.66
21,32.63
22,36.95
23,46.91
24,41.78
25,45.31
26,34.45
27,44.22
28,19.34
29,18.77
30,35.67
31,30.2
32,30.27
33,25.06
34,26.84
35,30.75
36,28.93
37,28.66
38,32.83
39,27.19
40,31.52
41,34.47
42,57.15
43,44.13
44,35.08
45,41.37
46,55.76
47,45.41
48,41.95
49,36.95
50,48.92
51,57.15
52,62.64
53,81.79
54,83.74
55,79.65
56,86.88
57,86.34
58,89.06
59,80.38
60,71.38
61,71.14
62,63.67
63,66.44
64,65.31
65,44.95
66,50.08
67,55.1
68,65.17
69,65.91
70,57.49
71,50.07
72,17.92
73,32.33
74,42.17
75,37.18
76,42.89
77,42.49
78,45.91
79,45.52
80,49.05
81,65.35
82,59.58
83,48.34
84,42.21
85,31.22
86,36.89
87,25.4
88,28.41
89,25.42
90,41.32
91,40.52
92,53.23
93,71.41
94,65.42
95,59.96
96,51.03
97,50.25
98,52.49
99,49.48
100,37.87
101,24.66
102,31.55
103,36.9
104,44.14
105,57.93
106,63.7
107,66.41
108,65.1
109,70.25
110,67.86
111,52.64
112,56.58
113,52.58
114,43.07
115,27.73
116,39.55
117,28.92
118,39.5
119,36.5
120,40.73
121,45.81
122,39.95
123,39.72
124,46.69
125,42.31
126,58.9
127,49.02
128,58.77
129,65.92
130,58.65
131,67.38
132,68.99
133,85.58
134,84.86
135,79.07
136,81.55
137,73.95
138,73.56
139,58.04
140,45.87
141,41.03
142,28.92
143,33.61
144,30.66
145,34.52
146,44.02
147,38.47
148,47.7
149,56.89
150,62.21
151,87.72
152,76.13
153,86.83
154,89.03
155,90.01
156,75.64
157,69.36
158,68.8
159,63.29
160,58.59
161,69.87
162,70.0
163,65.23
164,52.23
165,78.91
166,84.39
167,56.48
168,68.0
169,67.33
170,64.42
171,67.82
172,58.06
173,52.76
174,43.93
175,51.92
176,59.62
177,33.81
178,20.64
179,13.98
180,6.32
181,5.83
182,16.82
183,26.56
184,21.43
185,18.33
186,20.49
187,43.67
188,40.92
189,45.03
190,51.95
191,51.18
192,42.16
193,37.84
194,45.64
195,43.18
196,19.72
197,15.12
198,24.39
199,26.4
200,18.51
201,17.63
202,31.07
203,36.36
204,39.93
205,49.18
206,65.32
207,61.07
208,67.37
209,83.65
210,94.1
211,86.62
212,83.76
213,77.71
214,78.53
215,81.85
216,77.06
217,64.57
218,35.84
219,20.62
220,37.37
221,40.09
222,40.6
223,26.15
224,21.87
225,25.93
226,25.27
227,40.77
228,52.03
229,35.14
230,44.22
231,35.65
232,35.04
233,55.61
234,67.09
235,60.03
236,55.67
237,56.33
238,58.44
239,55.74
240,68.54
241,63.66
242,44.55
243,37.68
244,45.32
245,36.1
246,40.16
247,46.48
248,47.07
249,50.32
250,57.3
251,65.12
252,50.03
253,63.51
254,76.85
255,57.36
256,49.34
257,44.41
258,39.98
259,36.1
260,35.97
261,50.35
262,23.81
263,34.4
264,43.7
265,46.15
266,56.63
267,53.86
268,59.51
269,60.92
270,54.66
271,73.13
272,68.87
273,85.39
274,71.34
275,72.58
276,72.0
277,67.14
278,67.5
279,55.77
280,54.87
281,51.12
282,36.97
283,51.93
284,37.93
285,34.86
286,27.7
287,29.81
288,30.3
289,33.04
290,34.5
291,33.2
292,23.84
293,28.27
294,39.39
295,55.22
296,63.39
297,75.99
298,50.13
299,32.78
300,41.38
301,33.65
302,35.5
303,27.07
304,31.61
305,22.26
306,14.35
307,15.28
308,26.33
309,30.99
310,49.15
311,42.47
312,49.15
313,47.1
314,52.29
315,49.95
316,55.09
317,63.56
318,53.53
319,45.94
320,61.69
321,57.48
322,58.46
323,63.62
324,81.42
325,85.89
326,82.1
327,83.0
328,78.9
329,67.43
330,78.05
331,77.08
332,78.82
333,72.59
334,65.5
335,60.7
336,63.2
337,72.57
338,77.75
339,67.28
340,62.53
341,58.06
342,56.78
343,48.01
344,49.64
345,77.06
346,72.77
347,76.57
348,83.69
349,76.42
350,61.52
351,69.44
352,57.66
353,59.6
354,25.08
355,25.79
356,28.4
357,31.71
358,44.84
359,47.63
360,47.88
361,48.09
362,42.34
363,56.07
364,46.95
365,30.37
366,21.2
367,10.27
368,11.22
369,15.4
370,28.02
371,25.62
372,19.38
373,20.66
374,26.2
375,45.22
376,38.89
377,49.78
378,44.21
379,32.7
380,27.93
381,36.23
382,32.24
383,38.78
384,45.5
385,51.9
386,43.54
387,51.67
388,54.5
389,72.01
390,67.36
391,65.04
392,50.01
393,45.79
394,45.16
395,46.67
396,35.67
397,47.06
398,43.52
399,48.37
400,56.64
401,63.5
402,55.46
403,36.52
404,39.6
405,51.08
406,40.27
407,40.95
408,31.86
409,39.52
410,36.93
411,39.1
412,40.32
413,48.48
414,35.48
415,50.43
416,48.3
417,43.61
418,35.69
419,35.04
420,31.92
421,40.46
422,35.82
423,30.66
424,10.88
425,11.32
426,7.44
427,8.04
428,8.19
429,4.8
430,1.95
431,17.0
432,20.9
433,22.48
434,26.9
435,47.53
436,47.74
437,56.63
438,80.27
439,85.64
440,80.41
441,74.17
442,81.62
443,83.25
444,83.31
445,78.17
446,75.13
447,69.93
448,61.6
449,52.89
450,59.18
451,68.05
452,56.63
453,44.45
454,59.35
455,63.84
456,43.98
457,44.15
458,45.24
459,52.78
460,47.22
461,54.85
462,60.35
463,54.14
464,52.01
465,71.14
466,80.59
467,89.45
468,87.79
469,87.61
470,84.49
471,83.4
472,78.2
473,69.05
474,73.34
475,79.64
476,59.56
477,42.29
478,47.29
479,49.05
480,36.52
481,49.55
482,64.03
483,57.86
484,53.65
485,52.62
486,60.98
487,54.72
488,44.67
489,53.12
490,49.87
491,40.22
492,47.79
493,45.31
494,59.38
495,62.8
496,65.57
497,84.07
498,82.82
499,62.2
500,57.87
501,60.1
502,77.16
503,65.61
504,60.21
505,50.52
506,44.24
507,38.06
508,39.27
509,37.3
510,17.18
511,22.71
512,22.25
513,21.92
514,25.41
515,32.52
516,40.05
517,48.09
518,32.72
519,53.09
520,54.18
521,58.77
522,48.57
523,47.52
524,41.94
525,37.66
526,43.69
527,65.58
528,56.89
529,54.97
530,56.76
531,68.64
532,54.06
533,66.0
534,60.7
535,61.28
536,62.67
537,62.1
538,57.45
539,55.57
540,71.2
541,86.33
542,72.06
543,82.15
544,76.14
545,72.82
546,76.28
547,76.5
548,68.64
549,59.11
550,51.49
551,62.84
552,56.37
553,47.89
554,41.39
555,33.36
556,24.08
557,37.98
558,43.33
559,33.3
560,32.67
561,23.73
562,24.46
563,29.91
564,36.85
565,46.53
566,33.5
567,45.8
568,34.19
569,37.62
570,35.18
571,56.17
572,49.18
573,46.13
574,50.45
575,46.26
576,32.61
577,39.51
578,38.61
579,37.14
580,9.5
581,28.56
582,40.13
583,38.5
584,40.5
585,33.15
586,37.95
587,54.83
588,55.84
589,55.5
590,57.2
591,59.86
592,56.16
593,61.85
594,75.76
595,67.04
596,48.14
597,56.55
598,65.69
599,49.67
600,29.07
601,28.91
602,24.0
603,18.34
604,16.15
605,18.62
606,25.01
607,14.65
608,16.13
609,25.73
610,23.38
611,32.74
612,27.83
613,34.62
614,49.98
615,44.77
616,46.24
617,41.55
618,31.46
619,37.69
620,25.72
621,28.8
622,40.02
623,23.47
624,18.68
625,19.55
626,27.22
627,56.46
628,49.67
629,48.57
630,38.64
631,30.68
632,28.55
633,30.62
634,29.09
635,30.29
636,6.26
637,4.97
638,4.78
639,5.55
640,32.33
641,34.57
642,38.63
643,56.19
644,53.64
645,59.01
646,64.73
647,66.38
648,59.48
649,52.68
650,57.85
651,61.8
652,51.13
653,50.29
654,42.33
655,57.01
656,66.08
657,77.39
658,77.09
659,66.51
660,61.26
661,63.38
662,57.21
663,69.57
664,54.27
665,43.83
666,44.58
667,29.09
668,22.33
669,24.69
670,14.88
671,28.95
672,31.92
673,39.86
674,44.27
675,37.47
676,35.66
677,53.86
678,39.02
679,43.71
680,25.03
681,21.08
682,11.66
683,9.92
684,25.05
685,36.47
686,25.65
687,26.87
688,42.89
689,44.15
690,41.55
691,39.68
692,41.77
693,38.67
694,27.24
695,44.47
696,57.51
697,47.81
698,65.67
699,58.97
700,70.43
701,75.42
702,77.19
703,82.71
704,80.47
705,66.26
706,68.44
707,54.55
708,66.4
709,59.13
710,54.57
711,48.57
712,58.83
713,62.26
714,84.04
715,59.82
716,62.12
717,49.43
718,47.55
719,50.09
720,51.44
721,50.45
722,38.27
723,29.89
724,52.63
725,67.64
726,80.33
727,80.78
728,65.22
729,69.01
730,65.49
731,69.49
732,62.5
733,56.18
734,36.5
735,40.1
736,29.82
737,44.06
738,22.33
739,21.8
740,19.6
741,42.59
742,38.31
743,39.52
744,34.39
745,52.17
746,44.88
747,41.42
748,43.27
749,41.98
750,27.19
751,32.78
752,60.82
753,67.85
754,69.03
755,67.57
756,59.15
757,67.72
758,78.32
759,77.59
760,78.82
761,58.0
762,56.48
763,36.29
764,31.21
765,32.07
766,18.28
767,12.46
768,10.62
769,14.24
770,17.98
771,15.68
772,25.64
773,33.45
774,34.39
775,29.9
776,36.96
777,41.01
778,37.09
779,31.12
780,35.12
781,21.2
782,34.06
783,52.09
784,51.14
785,48.99
786,60.3
787,46.36
788,54.02
789,52.9
790,57.41
791,48.83
792,35.06
793,30.87
794,40.81
795,27.25
796,41.08
797,28.21
798,30.48
799,25.33
800,46.31
801,51.18
802,70.38
803,69.86
804,78.9
805,77.93
806,95.77
807,76.46
808,77.11
809,68.16
810,65.34
811,50.22
812,39.78
813,40.17
814,49.94
815,35.9
816,54.29
817,51.47
818,55.42
819,49.75
820,55.58
821,69.51
822,73.0
823,63.11
824,51.57
825,55.12
826,52.47
827,62.73
828,74.05
829,65.34
830,56.21
831,57.12
832,56.09
833,65.79
834,58.97
835,66.48
836,53.5
837,55.26
838,59.38
839,65.97
840,62.62
841,68.11
842,65.5
843,64.94
844,61.15
845,62.98
846,43.18
847,44.84
848,52.01
849,49.1
850,36.83
851,58.39
852,62.34
853,49.84
854,62.06
855,85.33
856,86.24
857,88.06
858,86.59
859,86.9
860,68.81
861,72.14
862,87.02
863,83.83
864,70.17
865,77.48
866,73.34
867,69.87
868,58.02
869,66.56
870,51.26
871,44.16
872,37.03
873,47.28
874,22.01
875,21.34
876,29.45
877,46.96
878,40.02
879,60.69
880,58.81
881,61.84
882,46.76
883,59.93
884,63.48
885,56.25
886,46.21
887,48.4
888,47.61
889,40.75
890,50.17
891,63.32
892,49.4
893,57.6
894,60.17
895,57.8
896,61.23
897,54.07
898,55.21
899,52.65
900,37.54
901,45.6
902,33.18
903,42.7
904,51.34
905,59.67
906,53.31
907,64.7
908,63.26
909,91.54
910,91.37
911,83.02
912,81.26
913,65.64
914,51.06
915,60.0
916,53.73
917,57.71
918,50.58
919,62.33
920,71.57
921,71.07
922,69.34
923,79.78
924,66.43
925,57.38
926,57.3
927,55.01
928,42.11
929,49.9
930,46.14
931,63.52
932,55.76
933,52.62
934,65.81
935,47.16
936,40.52
937,40.03
938,35.14
939,31.03
940,38.04
941,40.16
942,52.39
943,51.25
944,67.24
945,73.66
946,79.37
947,76.15
948,94.69
949,92.77
950,90.09
951,84.28
952,67.26
953,66.95
954,65.76
955,41.31
956,43.59
957,28.4
958,24.29
959,44.82
960,48.42
961,56.67
962,52.61
963,61.77
964,85.26
965,80.16
966,89.24
967,77.16
968,51.45
969,43.37
970,58.28
971,54.95
972,38.31
973,34.85
974,29.97
975,34.03
976,32.54
977,37.22
978,50.83
979,41.62
980,44.29
981,51.55
982,68.69
983,74.82
984,72.0
985,88.71
986,75.38
987,74.46
988,66.96
989,65.59
990,70.91
991,65.66
992,69.63
993,74.73
994,72.51
995,87.72
996,85.69
997,95.42
998,95.78
999,86.41
1000,85.91
1001,92.78
1002,85.38
1003,85.83
1004,71.75
1005,77.92
1006,73.79
1007,71.93
1008,81.54
1009,61.78
1010,53.74
1011,50.21
1012,57.21
1013,62.92
1014,56.01
1015,49.07
1016,57.61
1017,52.75
1018,61.4
1019,68.49
1020,64.68
1021,44.64
1022,46.79
1023,41.41
1024,47.52
1025,38.27
1026,35.86
1027,42.85
1028,38.41
1029,46.08
1030,75.36
1031,80.84
1032,76.4
1033,64.45
1034,69.92
1035,68.82
1036,66.36
1037,52.79
1038,53.32
1039,44.94
1040,32.12
1041,34.11
1042,42.58
1043,43.94
1044,38.4
1045,39.51
1046,44.84
1047,47.65
1048,44.27
1049,29.85
1050,21.54
1051,15.61
1052,17.78
1053,16.55
1054,24.8
1055,34.38
1056,33.67
1057,32.16
1058,30.59
1059,36.3
1060,44.26
1061,48.6
1062,58.79
1063,60.97
1064,56.81
1065,55.02
1066,67.85
1067,90.7
1068,92.27
1069,94.87
1070,76.01
1071,71.42
1072,68.91
1073,49.96
1074,51.83
1075,52.17
1076,48.19
1077,36.32
1078,26.76
1079,32.43
1080,51.68
1081,45.79
1082,57.91
1083,61.62
1084,44.99
1085,34.05
1086,32.19
1087,49.96
1088,49.99
1089,32.27
1090,25.96
1091,21.65
1092,13.65
1093,21.42
1094,28.19
1095,28.87
1096,14.33
1097,10.91
1098,20.49
1099,21.96
1100,28.48
1101,46.35
1102,39.76
1103,58.39
1104,62.24
1105,69.31
1106,84.43
1107,82.39
1108,91.6
1109,78.2
1110,79.01
1111,85.13
1112,81.62
1113,73.32
1114,70.46
1115,63.08
1116,65.05
1117,60.97
1118,69.47
1119,68.94
1120,47.24
1121,44.45
1122,65.54
1123,54.79
1124,55.33
1125,46.32
1126,54.54
1127,57.38
1128,40.97
1129,40.4
1130,32.48
1131,22.68
1132,21.09
1133,32.0
1134,36.82
1135,29.47
1136,23.06
1137,26.57
1138,28.78
1139,30.38
1140,37.09
1141,33.82
1142,26.73
1143,16.6
1144,14.65
1145,37.34
1146,45.15
1147,48.86
1148,55.33
1149,53.64
1150,60.05
1151,60.27
1152,50.09
1153,37.65
1154,21.29
1155,34.85
1156,33.05
1157,25.97
1158,22.7
1159,38.46
1160,39.48
1161,58.87
1162,69.72
1163,73.07
1164,61.73
1165,64.15
1166,84.9
1167,83.24
1168,78.9
1169,65.92
1170,61.04
1171,67.05
1172,71.1
1173,72.29
1174,75.6
1175,65.55
1176,63.17
1177,63.37
1178,75.93
1179,72.35
1180,57.78
1181,42.25
1182,53.97
1183,27.19
1184,39.06
1185,28.8
1186,20.87
1187,21.97
1188,19.05
1189,35.6
1190,40.67
1191,32.88
1192,49.03
1193,47.68
1194,56.64
1195,69.78
1196,56.36
1197,55.33
1198,50.41
1199,44.21
1200,42.63
1201,21.55
1202,23.73
1203,28.84
1204,17.06
1205,21.32
1206,24.17
1207,13.81
1208,13.72
1209,38.94
1210,60.34
1211,57.35
1212,57.35
1213,67.34
1214,66.17
1215,75.11
1216,95.66
1217,97.24
1218,96.55
1219,94.53
1220,94.3
1221,95.02
1222,95.41
1223,98.89
1224,85.96
1225,81.59
1226,78.74
1227,57.56
1228,61.17
1229,61.55
1230,56.2
1231,47.53
1232,40.08
1233,41.72
1234,54.42
1235,51.42
1236,70.26
1237,58.32
1238,44.22
1239,47.26
1240,52.87
1241,56.79
1242,69.37
1243,60.29
1244,62.4
1245,63.01
1246,61.52
1247,81.43
1248,83.5
1249,83.41
1250,85.91
1251,69.62
1252,72.74
1253,67.14
1254,61.36
1255,67.6
1256,58.07
1257,34.72
1258,22.56
1259,25.16
1260,27.29
1261,13.26
1262,11.79
1263,26.59
1264,21.4
1265,32.26
1266,49.78
1267,44.34
1268,36.35
1269,32.82
1270,29.69
1271,42.71
1272,40.47
1273,46.47
1274,37.71
1275,36.76
1276,51.2
1277,63.22
1278,75.07
1279,84.91
1280,81.37
1281,79.98
1282,74.21
1283,85.7
1284,85.16
1285,81.63
1286,81.69
1287,81.96
1288,55.68
1289,59.48
1290,39.33
1291,50.91
1292,49.92
1293,54.0
1294,48.05
1295,49.44
1296,48.3
1297,56.42
1298,61.25
1299,81.32
1300,74.8
1301,55.53
1302,51.06
1303,50.87
1304,47.07
1305,42.98
1306,32.37
1307,16.31
1308,17.03
1309,15.69
1310,16.07
1311,7.24
1312,8.4
1313,11.22
1314,10.68
1315,39.87
1316,37.37
1317,30.62
1318,36.49
1319,48.74
1320,53.06
1321,59.64
1322,47.9
1323,54.19
1324,46.22
1325,40.07
1326,38.12
1327,26.26
1328,21.6
1329,24.76
1330,15.11
1331,36.31
1332,34.44
1333,36.17
1334,36.65
1335,45.4
1336,48.94
1337,56.64
1338,56.79
1339,65.17
1340,61.41
1341,62.85
1342,58.16
1343,70.15
1344,56.49
1345,71.9
1346,49.71
1347,38.92
1348,49.62
1349,45.31
1350,59.53
1351,60.96
1352,56.67
1353,70.03
1354,66.78
1355,74.79
1356,84.77
1357,81.26
1358,64.74
1359,60.43
1360,57.84
1361,48.8
1362,43.11
1363,47.46
1364,52.6
1365,44.48
1366,45.29
1367,60.91
1368,49.41
1369,53.06
1370,95.23
1371,96.31
1372,87.88
1373,86.2
1374,77.36
1375,35.39
1376,23.61
1377,18.51
1378,34.05
1379,30.47
1380,19.88
1381,24.2
1382,32.5
1383,28.58
1384,40.16
1385,62.03
1386,66.53
1387,59.28
1388,65.35
1389,81.16
1390,80.6
1391,68.51
1392,86.2
1393,86.48
1394,70.08
1395,66.53
1396,59.25
1397,52.67
1398,51.01
1399,57.0
1400,57.15
1401,47.12
1402,49.36
1403,59.25
1404,45.35
1405,45.62
1406,45.17
1407,47.7
1408,36.69
1409,55.06
1410,47.77
1411,44.92
1412,34.47
1413,44.53
1414,49.69
1415,52.33
1416,44.41
1417,41.47
1418,20.95
1419,29.34
1420,18.93
1421,42.28
1422,29.68
1423,40.92
1424,38.19
1425,35.52
1426,56.77
1427,70.94
1428,64.65
1429,76.77
1430,73.7
1431,68.49
1432,56.55
1433,60.44
1434,67.82
1435,46.76
1436,35.39
1437,31.41
1438,26.57
1439,25.86
1440,34.11
1441,40.01
1442,40.42
1443,39.95
1444,51.48
1445,58.12
1446,59.76
1447,37.01
1448,34.62
1449,31.63
1450,25.99
1451,25.59
1452,8.73
1453,5.01
1454,21.07
1455,38.23
1456,45.2
1457,64.67
1458,49.0
1459,47.95
1460,59.05
1461,61.51
1462,58.77
1463,46.3
1464,53.08
1465,58.97
1466,49.52
1467,63.69
1468,72.47
1469,63.95
1470,68.25
1471,66.66
1472,83.23
1473,79.89
1474,80.32
1475,87.87
1476,82.56
1477,76.24
1478,78.94
1479,78.32
1480,93.11
1481,93.94
1482,93.01
1483,92.28
1484,80.23
1485,82.33
1486,67.13
1487,71.67
1488,62.84
1489,51.75
1490,48.14
1491,36.63
1492,29.65
1493,36.53
1494,35.82
1495,52.24
1496,45.86
1497,50.65
1498,57.21
1499,46.6
1500,49.06
1501,65.34
1502,69.22
1503,70.35
1504,43.11
1505,35.06
1506,33.94
1507,28.22
1508,51.2
1509,58.19
1510,55.64
1511,57.75
1512,62.94
1513,79.83
1514,80.49
1515,68.69
1516,79.55
1517,57.11
1518,46.41
1519,49.81
1520,21.52
1521,16.43
1522,20.33
1523,14.88
1524,34.52
1525,45.53
1526,50.34
1527,50.95
1528,56.21
1529,69.3
1530,60.18
1531,58.67
1532,53.69
1533,54.46
1534,47.51
1535,51.89
1536,52.75
1537,56.82
1538,71.83
1539,84.24
1540,83.15
1541,83.54
1542,82.0
1543,69.42
1544,65.86
1545,72.35
1546,45.91
1547,49.4
1548,38.75
1549,38.88
1550,37.4
1551,30.06
1552,40.92
1553,38.07
1554,47.61
1555,62.15
1556,63.77
1557,73.89
1558,77.24
1559,91.31
1560,89.53
1561,79.78
1562,89.75
1563,75.71
1564,76.38
1565,64.48
1566,42.7
1567,45.26
1568,35.16
1569,32.45
1570,40.32
1571,37.22
1572,46.45
1573,42.89
1574,37.32
1575,48.49
1576,35.31
1577,47.44
1578,53.82
1579,41.08
1580,56.07
1581,53.85
1582,61.48
1583,74.8
1584,71.74
1585,71.52
1586,73.36
1587,74.44
1588,82.42
1589,63.24
1590,69.98
1591,59.68
1592,63.83
1593,76.34
1594,86.56
1595,86.01
1596,85.07
1597,63.43
1598,53.18
1599,51.08
1600,51.75
1601,34.16
1602,16.7
1603,17.79
1604,10.26
1605,9.47
1606,15.05
1607,33.74
1608,36.15
1609,27.32
1610,46.77
1611,61.15
1612,58.82
1613,45.02
1614,43.9
1615,38.91
1616,31.97
1617,23.67
1618,26.76
1619,15.09
1620,17.44
1621,36.58
1622,47.44
1623,45.67
1624,53.35
1625,59.35
1626,58.31
1627,64.11
1628,75.46
1629,57.98
1630,46.05
1631,61.86
1632,64.63
1633,66.74
1634,54.97
1635,63.92
1636,56.01
1637,53.63
1638,64.73
1639,52.52
1640,26.57
1641,24.37
1642,17.16
1643,25.08
1644,37.36
1645,39.77
1646,36.03
1647,45.79
1648,54.9
1649,66.89
1650,77.62
1651,80.87
1652,75.86
1653,59.61
1654,73.2
1655,82.9
1656,74.38
1657,66.22
1658,58.86
1659,47.56
1660,38.8
1661,38.59
1662,46.31
1663,53.48
1664,58.63
1665,59.54
1666,65.55
1667,66.75
1668,81.42
1669,70.99
1670,78.21
1671,73.62
1672,68.46
1673,58.54
1674,59.37
1675,49.92
1676,73.1
1677,75.12
1678,69.42
1679,53.89
1680,63.95
1681,56.92
1682,65.73
1683,68.24
1684,66.11
1685,61.95
1686,60.59
1687,68.93
1688,89.87
1689,68.94
1690,64.15
1691,60.81
1692,65.46
1693,69.65
1694,69.34
1695,64.06
1696,64.85
1697,63.57
1698,84.21
1699,89.42
1700,84.0
1701,79.66
1702,78.97
1703,72.82
1704,88.47
1705,91.08
1706,90.03
1707,72.23
1708,75.18
1709,81.95
1710,78.4
1711,84.71
1712,88.77
1713,85.03
1714,85.89
1715,66.3
1716,72.05
1717,66.15
1718,53.18
1719,52.64
1720,20.84
1721,46.65
1722,52.93
1723,51.75
1724,51.77
1725,52.97
1726,56.61
1727,72.08
1728,76.22
1729,84.29
1730,80.9
1731,72.3
1732,71.11
1733,90.56
1734,77.06
1735,48.88
1736,39.3
1737,47.15
1738,39.2
1739,30.43
1740,46.31
1741,51.03
1742,48.24
1743,49.82
1744,75.99
1745,76.41
1746,65.52
1747,66.86
1748,81.37
1749,77.51
1750,71.9
1751,81.4
1752,89.52
1753,72.92
1754,52.41
1755,62.9
1756,71.09
1757,61.53
1758,52.34
1759,54.33
1760,51.3
1761,42.44
1762,50.27
1763,60.56
1764,55.6
1765,50.79
1766,58.79
1767,70.0
1768,67.53
1769,64.75
1770,88.88
1771,59.64
1772,67.86
1773,73.0
1774,48.58
1775,41.6
1776,38.19
1777,43.52
1778,55.32
1779,59.75
1780,68.13
1781,64.61
1782,56.28
1783,84.85
1784,80.19
1785,64.88
1786,54.9
1787,55.49
1788,60.11
1789,66.39
1790,65.82
1791,67.24
1792,59.02
1793,55.76
1794,58.3
1795,60.26
1796,18.77
1797,14.56
1798,10.91
1799,8.97
1800,6.23
1801,22.06
1802,22.96
1803,29.48
1804,31.12
1805,58.99
1806,37.31
1807,43.55
1808,53.31
1809,54.45
1810,51.47
1811,57.04
1812,62.12
1813,62.02
1814,60.88
1815,88.13
1816,74.9
1817,61.71
1818,69.87
1819,63.09
1820,60.34
1821,57.4
1822,58.01
1823,58.99
1824,61.44
1825,73.83
1826,75.4
1827,76.68
1828,79.55
1829,82.73
1830,79.78
1831,80.27
1832,79.1
1833,84.38
1834,78.36
1835,92.32
1836,93.16
1837,92.64
1838,91.23
1839,79.51
1840,81.14
1841,83.36
1842,79.07
1843,87.42
1844,87.79
1845,81.95
1846,83.76
1847,59.17
1848,73.24
1849,70.49
1850,68.09
1851,72.4
1852,69.75
1853,71.42
1854,70.22
1855,66.79
1856,89.42
1857,65.64
1858,69.43
1859,67.63
1860,68.29
1861,69.22
1862,65.79
1863,69.18
1864,56.52
1865,44.46
1866,36.7
1867,44.45
1868,43.43
1869,27.52
1870,42.22
1871,44.07
1872,48.23
1873,50.89
1874,59.64
1875,63.45
1876,58.36
1877,46.45
1878,53.61
1879,38.27
1880,40.08
1881,30.43
1882,31.16
1883,42.27
1884,58.1
1885,52.01
1886,85.14
1887,88.41
1888,65.72
1889,64.78
1890,77.95
1891,80.48
1892,78.27
1893,77.62
1894,73.32
1895,74.54
1896,61.14
1897,76.07
1898,56.97
1899,45.1
1900,29.3
1901,21.72
1902,26.12
1903,24.36
1904,27.93
1905,36.12
1906,25.99
1907,42.46
1908,41.3
1909,56.33
1910,50.16
1911,46.23
1912,50.86
1913,38.79
1914,30.63
1915,36.95
1916,34.22
1917,34.57
1918,24.65
1919,48.03
1920,49.78
1921,57.22
1922,67.57
1923,59.52
1924,68.81
1925,58.01
1926,61.02
1927,65.79
1928,53.06
1929,55.36
1930,39.76
1931,42.25
1932,61.54
1933,50.13
1934,59.25
1935,54.68
1936,47.34
1937,70.75
1938,71.25
1939,87.86
1940,88.39
1941,78.8
1942,81.01
1943,80.16
1944,80.6
1945,82.95
1946,78.88
1947,70.44
1948,66.86
1949,64.01
1950,76.44
1951,72.72
1952,73.69
1953,62.64
1954,58.51
1955,50.47
1956,45.24
1957,45.75
1958,43.83
1959,34.59
1960,21.62
1961,14.57
1962,26.78
1963,28.87
1964,21.14
1965,38.22
1966,47.15
1967,43.79
1968,52.19
1969,52.45
1970,51.53
1971,42.27
1972,49.27
1973,36.05
1974,28.07
1975,20.28
1976,20.61
1977,29.93
1978,36.69
1979,32.16
1980,36.66
1981,26.19
1982,37.57
1983,32.61
1984,47.62
1985,41.77
1986,37.36
1987,51.79
1988,56.57
1989,56.38
1990,63.02
1991,58.63
1992,73.63
1993,73.5
1994,89.1
1995,87.88
1996,57.33
1997,58.14
1998,57.46
1999,51.15
2000,46.63
2001,40.14
2002,27.76
2003,30.22
2004,37.01
2005,56.75
2006,54.69
2007,41.9
2008,51.61
2009,56.65
2010,39.41
2011,41.42
2012,29.67
2013,16.06
2014,4.54
2015,16.03
2016,27.53
2017,22.23
2018,33.08
2019,31.84
2020,30.53
2021,29.55
2022,27.24
2023,29.26
2024,35.84
2025,35.47
2026,37.19
2027,37.38
2028,49.25
2029,49.16
2030,69.11
2031,74.43
2032,75.58
2033,49.82
2034,43.27
2035,51.66
2036,40.74
2037,38.56
2038,46.97
2039,45.61
2040,34.74
2041,37.2
2042,54.73
2043,64.43
2044,52.11
2045,60.87
2046,65.78
2047,65.16
2048,58.28
2049,62.91
2050,46.22
2051,46.37
2052,39.67
2053,48.43
2054,33.77
2055,16.41
2056,4.83
2057,31.51
2058,32.99
2059,44.55
2060,38.11
2061,40.49
2062,54.17
2063,51.71
2064,62.69
2065,71.54
2066,62.73
2067,60.15
2068,54.82
2069,58.75
2070,59.43
2071,58.65
2072,70.13
2073,62.98
2074,53.58
2075,54.77
2076,60.07
2077,66.26
2078,77.69
2079,53.59
2080,14.91
2081,26.16
2082,49.55
2083,50.75
2084,62.25
2085,63.01
2086,59.54
2087,59.07
2088,81.59
2089,84.77
2090,81.52
2091,68.0
2092,66.6
2093,64.28
2094,69.89
2095,71.87
2096,72.27
2097,47.53
2098,48.23
2099,42.22
2100,52.46
2101,50.65
2102,43.1
2103,46.17
2104,51.12
2105,50.48
2106,50.95
2107,35.72
2108,42.79
2109,26.64
2110,33.76
2111,32.17
2112,28.65
2113,28.57
2114,21.08
2115,23.64
2116,32.23
2117,48.65
2118,36.91
2119,37.02
2120,34.73
2121,25.55
2122,29.31
2123,42.02
2124,44.28
2125,40.9
2126,25.67
2127,41.07
2128,27.48
2129,26.76
2130,32.54
2131,27.66
2132,4.13
2133,3.85
2134,4.69
2135,9.33
2136,4.33
2137,14.5
2138,13.53
2139,27.82
2140,22.0
2141,37.67
2142,36.79
2143,34.85
2144,29.69
2145,51.04
2146,56.19
2147,60.41
2148,53.62
2149,71.74
2150,70.27
2151,60.82
2152,64.02
2153,56.62
2154,56.27
2155,55.52
2156,45.76
2157,45.03
2158,38.0
2159,49.49
2160,61.07
2161,51.91
2162,68.26
2163,63.42
2164,52.12
2165,56.0
2166,60.95
2167,64.19
2168,44.19
2169,37.83
2170,49.37
2171,31.4
2172,42.02
2173,38.02
2174,43.91
2175,44.29
2176,52.38
2177,52.8
2178,58.03
2179,55.8
2180,40.89
2181,32.49
2182,55.14
2183,43.78
2184,41.73
2185,39.68
2186,44.94
2187,32.18
2188,36.89
2189,34.87
2190,45.61
2191,47.42
2192,45.63
2193,41.98
2194,37.58
2195,42.41
2196,55.01
2197,37.99
2198,54.12
2199,46.28
2200,31.97
2201,34.97
2202,32.06
2203,26.91
2204,20.37
2205,13.73
2206,16.82
2207,28.07
2208,27.6
2209,24.79
2210,33.26
2211,35.4
2212,47.53
2213,46.99
2214,49.16
2215,53.33
2216,33.09
2217,31.74
2218,57.46
2219,50.2
2220,55.47
2221,51.09
2222,55.71
2223,74.09
2224,58.58
2225,55.78
2226,63.79
2227,45.06
2228,42.83
2229,30.42
2230,40.94
2231,36.45
2232,27.11
2233,36.35
2234,36.58
2235,25.14
2236,37.2
2237,46.36
2238,53.21
2239,48.03
2240,56.57
2241,47.91
2242,49.91
2243,60.45
2244,65.76
2245,62.37
2246,60.76
2247,54.26
2248,50.75
2249,44.51
2250,63.43
2251,54.59
2252,59.38
2253,63.53
2254,49.06
2255,36.79
2256,42.6
2257,35.64
2258,45.37
2259,44.44
2260,45.94
2261,34.34
2262,47.09
2263,74.87
2264,70.32
2265,76.85
2266,66.4
2267,63.1
2268,53.66
2269,49.6
2270,39.79
2271,26.33
2272,7.68
2273,14.95
2274,6.6
2275,28.54
2276,26.88
2277,29.0
2278,34.51
2279,38.48
2280,57.68
2281,47.66
2282,40.23
2283,49.47
2284,42.72
2285,42.05
2286,49.35
2287,56.4
2288,53.89
2289,32.84
2290,41.57
2291,46.91
2292,46.14
2293,29.38
2294,32.66
2295,23.8
2296,5.25
2297,4.25
2298,25.93
2299,20.85
2300,19.46
2301,18.9
2302,18.87
2303,18.14
2304,28.34
2305,25.01
2306,31.59
2307,15.6
2308,38.27
2309,40.9
2310,53.56
2311,68.31
2312,70.0
2313,70.69
2314,91.85
2315,84.57
2316,81.48
2317,83.18
2318,76.21
2319,73.34
2320,75.7
2321,68.59
2322,54.0
2323,53.88
2324,60.98
2325,70.15
2326,59.45
2327,63.11
2328,51.53
2329,46.27
2330,62.08
2331,75.69
2332,64.23
2333,62.76
2334,57.92
2335,56.35
2336,44.14
2337,58.29
2338,52.21
2339,43.32
2340,50.89
2341,55.5
2342,49.26
2343,53.26
2344,51.97
2345,76.84
2346,79.42
2347,86.9
2348,87.45
2349,73.02
2350,82.79
2351,70.38
2352,66.33
2353,55.65
2354,55.74
2355,41.06
2356,54.23
2357,48.19
2358,50.62
2359,35.08
2360,41.22
2361,50.23
2362,50.8
2363,53.63
2364,61.22
2365,60.68
2366,63.2
2367,62.4
2368,73.71
2369,75.2
2370,68.92
2371,88.77
2372,82.39
2373,79.88
2374,64.96
2375,34.95
2376,31.84
2377,18.53
2378,26.82
2379,25.68
2380,17.94
2381,18.16
2382,13.46
2383,29.28
2384,36.33
2385,52.0
2386,46.39
2387,46.28
2388,35.61
2389,49.05
2390,41.04
2391,43.1
2392,29.71
2393,29.6
2394,37.79
2395,44.2
2396,55.87
2397,76.07
2398,75.71
2399,95.16
2400,95.48
2401,91.52
2402,96.5
2403,95.83
2404,95.76
2405,91.9
2406,85.62
2407,86.95
2408,84.53
2409,85.94
2410,92.66
2411,78.94
2412,72.24
2413,78.12
2414,74.85
2415,65.36
2416,67.49
2417,68.52
2418,53.04
2419,37.27
2420,45.9
2421,51.42
2422,48.69
2423,59.47
2424,66.88
2425,62.63
2426,60.83
2427,70.53
2428,92.44
2429,81.13
2430,52.75
2431,43.46
2432,31.61
2433,43.61
2434,46.24
2435,50.31
2436,53.62
2437,54.84
2438,60.77
2439,89.09
2440,96.02
2441,94.02
2442,93.19
2443,83.2
2444,83.25
2445,64.21
2446,61.46
2447,54.12
2448,59.93
2449,44.76
2450,42.76
2451,26.49
2452,27.31
2453,33.62
2454,48.85
2455,51.26
2456,58.26
2457,55.47
2458,60.81
2459,62.24
2460,92.89
2461,96.69
2462,84.69
2463,83.68
2464,77.19
2465,63.28
2466,66.25
2467,55.73
2468,49.82
2469,40.62
2470,30.88
2471,48.18
2472,32.29
2473,38.52
2474,41.33
2475,34.85
2476,51.66
2477,58.37
2478,65.41
2479,73.76
2480,69.03
2481,84.26
2482,84.18
2483,88.6
2484,88.6
2485,83.35
2486,71.87
2487,58.82
2488,66.19
2489,61.81
2490,74.72
2491,53.17
2492,44.03
2493,52.77
2494,52.11
2495,52.73
2496,55.66
2497,43.84
2498,37.27
2499,39.4
2500,59.31
2501,61.6
2502,53.28
2503,49.93
2504,59.3
2505,42.14
2506,44.25
2507,62.47
2508,62.45
2509,56.79
2510,55.6
2511,55.33
2512,62.16
2513,64.26
2514,66.45
2515,75.54
2516,68.53
2517,64.43
2518,67.18
2519,63.39
2520,65.18
2521,59.74
2522,64.05
2523,87.19
2524,53.95
2525,67.89
2526,52.68
2527,35.13
2528,26.19
2529,24.42
2530,25.37
2531,24.37
2532,19.05
2533,20.05
2534,20.26
2535,32.92
2536,41.59
2537,38.78
2538,37.65
2539,33.16
2540,40.73
2541,45.24
2542,54.2
2543,44.87
2544,48.44
2545,52.12
2546,76.8
2547,76.78
2548,86.9
2549,68.83
2550,75.22
2551,64.42
2552,69.76
2553,64.03
2554,60.92
2555,50.52
2556,55.14
2557,67.94
2558,81.99
2559,77.79
2560,92.16
2561,93.11
2562,91.41
2563,91.88
2564,95.68
2565,95.68
2566,94.31
2567,85.9
2568,87.43
2569,90.61
2570,77.76
2571,77.32
2572,76.83
2573,76.93
2574,74.58
2575,60.79
2576,73.61
2577,73.78
2578,63.75
2579,59.74
2580,62.65
2581,68.34
2582,65.14
2583,65.32
2584,81.83
2585,79.43
2586,55.02
2587,61.76
2588,73.29
2589,72.0
2590,67.61
2591,72.03
2592,71.22
2593,38.01
2594,41.42
2595,62.93
2596,43.68
2597,52.23
2598,40.05
2599,37.22
2600,24.14
2601,21.79
2602,43.74
2603,40.93
2604,41.87
2605,43.03
2606,33.77
2607,39.4
2608,37.93
2609,46.82
2610,39.08
2611,24.3
2612,22.54
2613,11.75
2614,12.24
2615,34.85
2616,31.31
2617,31.37
2618,43.35
2619,58.55
2620,39.89
2621,40.24
2622,46.25
2623,47.22
2624,46.78
2625,52.96
2626,57.15
2627,56.72
2628,56.68
2629,79.37
2630,91.94
2631,89.21
2632,76.32
2633,63.1
2634,45.04
2635,45.92
2636,13.81
2637,7.3
2638,3.04
2639,0.68
2640,0.64
2641,9.21
2642,35.16
2643,49.25
2644,52.8
2645,53.96
2646,78.63
2647,88.6
2648,92.71
2649,71.68
2650,71.66
2651,64.12
2652,48.75
2653,57.05
2654,60.8
2655,58.84
2656,59.22
2657,57.22
2658,75.32
2659,73.11
2660,77.54
2661,85.08
2662,81.0
2663,76.04
2664,65.96
2665,68.54
2666,66.3
2667,43.54
2668,40.15
2669,16.23
2670,17.4
2671,26.03
2672,27.51
2673,22.68
2674,15.94
2675,16.29
2676,20.08
2677,25.3
2678,22.81
2679,39.87
2680,24.75
2681,24.3
2682,49.9
2683,56.03
2684,64.07
2685,65.88
2686,66.82
2687,73.19
2688,69.3
2689,85.68
2690,83.6
2691,77.42
2692,76.19
2693,69.52
2694,96.06
2695,95.69
2696,90.23
2697,73.1
2698,78.81
2699,74.65
2700,74.64
2701,70.73
2702,64.67
2703,57.46
2704,49.16
2705,63.65
2706,71.84
2707,58.49
2708,68.36
2709,65.62
2710,69.51
2711,80.62
2712,78.61
2713,87.42
2714,82.76
2715,51.23
2716,64.33
2717,63.05
2718,61.17
2719,62.64
2720,57.37
2721,52.94
2722,54.92
2723,47.16
2724,75.61
2725,68.37
2726,66.51
2727,86.57
2728,85.8
2729,78.07
2730,75.07
2731,77.77
2732,66.23
2733,55.74
2734,51.23
2735,36.09
2736,5.97
2737,29.75
2738,33.97
2739,35.96
2740,28.06
2741,44.07
2742,43.8
2743,41.13
2744,48.77
2745,63.12
2746,60.32
2747,60.2
2748,60.55
2749,72.07
2750,65.6
2751,77.79
2752,85.68
2753,94.64
2754,90.66
2755,75.85
2756,78.44
2757,83.53
2758,79.13
2759,82.67
2760,85.1
2761,83.5
2762,75.94
2763,72.88
2764,80.89
2765,69.47
2766,73.59
2767,86.92
2768,84.92
2769,85.27
2770,75.45
2771,74.2
2772,61.72
2773,64.98
2774,76.04
2775,70.73
2776,67.43
2777,70.12
2778,64.81
2779,69.45
2780,78.23
2781,90.8
2782,89.21
2783,86.62
2784,93.74
2785,54.48
2786,56.38
2787,69.23
2788,69.64
2789,67.99
2790,62.39
2791,67.85
2792,71.36
2793,71.47
2794,97.52
2795,97.37
2796,93.96
2797,80.87
2798,83.19
2799,83.19
2800,83.37
2801,47.74
2802,37.84
2803,36.09
2804,38.02
2805,46.95
2806,39.64
2807,35.45
2808,46.75
2809,38.19
2810,42.68
2811,56.34
2812,58.81
2813,42.61
2814,40.43
2815,46.11
2816,39.02
2817,18.17
2818,31.8
2819,39.38
2820,42.23
2821,41.62
2822,55.07
2823,56.16
2824,61.12
2825,68.86
2826,94.56
2827,93.82
2828,88.17
2829,85.2
2830,89.03
2831,86.02
2832,84.1
2833,77.55
2834,76.05
2835,68.94
2836,36.21
2837,41.65
2838,31.62
2839,39.7
2840,26.92
2841,32.18
2842,53.56
2843,59.82
2844,57.41
2845,74.97
2846,77.9
2847,79.48
2848,79.24
2849,95.59
2850,95.11
2851,77.2
2852,56.7
2853,62.98
2854,58.23
2855,56.64
2856,38.52
2857,40.43
2858,34.8
2859,32.57
2860,33.25
2861,48.21
2862,47.47
2863,37.8
2864,25.14
2865,29.16
2866,26.08
2867,32.05
2868,39.91
2869,57.67
2870,32.85
2871,27.24
2872,27.11
2873,29.73
2874,29.97
2875,25.16
2876,31.76
2877,22.7
2878,9.94
2879,32.55
2880,26.6
2881,36.78
2882,43.88
2883,50.63
2884,58.36
2885,49.13
2886,56.67
2887,48.92
2888,48.05
2889,68.16
2890,68.5
2891,72.26
2892,74.79
2893,70.72
2894,78.93
2895,86.14
2896,91.39
2897,75.24
2898,65.57
2899,64.37
2900,51.62
2901,41.07
2902,35.98
2903,47.6
2904,39.85
2905,54.11
2906,62.37
2907,59.88
2908,50.62
2909,42.76
2910,37.38
2911,37.29
2912,20.07
2913,15.09
2914,3.36
2915,2.2
2916,6.82
2917,4.85
2918,24.75
2919,20.33
2920,32.69
2921,35.62
2922,43.5
2923,41.82
2924,50.53
2925,42.03
2926,50.16
2927,40.34
2928,62.72
2929,55.85
2930,46.18
2931,43.31
2932,54.02
2933,54.47
2934,73.77
2935,76.87
2936,63.08
2937,48.5
2938,53.4
2939,55.48
2940,40.26
2941,31.83
2942,33.05
2943,37.15
2944,47.98
2945,60.21
2946,59.89
2947,49.71
2948,42.99
2949,40.12
2950,38.65
2951,47.94
2952,48.14
2953,35.95
2954,38.69
2955,35.68
2956,30.72
2957,41.33
2958,56.59
2959,60.3
2960,52.03
2961,57.39
2962,63.72
2963,62.7
2964,72.84
2965,93.2
2966,73.74
2967,74.74
2968,66.2
2969,68.37
2970,66.61
2971,70.41
2972,57.1
2973,63.53
2974,67.43
2975,79.94
2976,62.69
2977,54.47
2978,57.93
2979,56.56
2980,51.99
2981,61.09
2982,59.59
2983,36.8
2984,40.14
2985,55.86
2986,64.31
2987,59.92
2988,44.63
2989,42.22
2990,39.58
2991,28.57
2992,37.15
2993,24.37
2994,4.23
2995,27.29
2996,28.19
2997,54.55
2998,58.72
2999,57.95
3000,72.3
3001,76.62
3002,95.0
3003,81.5
3004,79.76
3005,68.76
3006,44.45
3007,39.36
3008,42.22
3009,37.03
3010,29.58
3011,46.23
3012,55.31
3013,49.2
3014,65.6
3015,70.77
3016,70.04
3017,73.02
3018,68.0
3019,79.9
3020,71.3
3021,70.88
3022,63.01
3023,57.71
3024,62.1
3025,75.69
3026,69.74
3027,72.95
3028,63.0
3029,69.99
3030,73.47
3031,87.21
3032,84.11
3033,74.99
3034,81.14
3035,76.39
3036,72.72
3037,68.21
3038,56.83
3039,60.66
3040,47.84
3041,65.54
3042,67.73
3043,63.96
3044,68.25
3045,83.68
3046,67.4
3047,75.33
3048,70.4
3049,57.82
3050,54.66
3051,60.96
3052,59.5
3053,55.68
3054,59.04
3055,70.94
3056,64.82
3057,66.61
3058,75.34
3059,65.7
3060,56.94
3061,49.27
3062,26.08
3063,31.91
3064,42.13
3065,43.92
3066,45.49
3067,66.89
3068,66.29
3069,69.32
3070,68.8
3071,96.13
3072,82.57
3073,72.29
3074,61.28
3075,61.06
3076,56.52
3077,50.35
3078,38.07
3079,41.81
3080,47.7
3081,58.23
3082,56.32
3083,52.24
3084,48.34
3085,23.49
3086,18.23
3087,29.34
3088,41.51
3089,32.03
3090,33.31
3091,46.37
3092,48.12
3093,45.89
3094,54.51
3095,60.64
3096,60.04
3097,55.88
3098,70.59
3099,68.85
3100,57.73
3101,69.97
3102,77.21
3103,65.94
3104,58.92
3105,50.6
3106,35.97
3107,16.3
3108,15.73
3109,15.18
3110,3.2
3111,2.95
3112,3.08
3113,3.14
3114,2.94
3115,21.02
3116,24.14
3117,21.48
3118,26.85
3119,29.19
3120,45.99
3121,38.36
3122,46.16
3123,35.07
3124,22.09
3125,24.9
3126,46.04
3127,46.69
3128,54.7
3129,42.12
3130,57.15
3131,54.56
3132,76.45
3133,80.08
3134,77.77
3135,73.11
3136,70.63
3137,50.93
3138,61.92
3139,46.21
3140,52.14
3141,48.5
3142,38.84
3143,56.97
3144,51.88
3145,56.19
3146,71.25
3147,58.06
3148,66.33
3149,57.73
3150,48.44
3151,48.01
3152,42.14
3153,39.65
3154,40.17
3155,50.79
3156,62.77
3157,55.72
3158,54.43
3159,50.77
3160,56.01
3161,56.42
3162,67.41
3163,64.46
3164,55.64
3165,51.85
3166,53.27
3167,69.19
3168,77.98
3169,77.79
3170,71.12
3171,58.88
3172,62.4
3173,65.51
3174,70.06
3175,85.87
3176,78.87
3177,79.16
3178,73.12
3179,54.92
3180,51.24
3181,30.03
3182,48.69
3183,44.94
3184,43.61
3185,32.3
3186,21.67
3187,34.17
3188,34.98
3189,38.37
3190,67.56
3191,62.77
3192,60.78
3193,66.99
3194,67.27
3195,85.77
3196,85.04
3197,86.81
3198,86.81
3199,80.34
3200,80.52
3201,86.9
3202,80.04
3203,62.84
3204,30.32
3205,34.2
3206,33.36
3207,44.03
3208,39.0
3209,38.04
3210,49.58
3211,55.07
3212,64.65
3213,56.05
3214,37.24
3215,39.4
3216,29.15
3217,44.29
3218,54.58
3219,48.33
3220,44.14
3221,32.88
3222,39.25
3223,32.89
3224,32.58
3225,34.76
3226,25.5
3227,7.07
3228,25.47
3229,21.25
3230,30.95
3231,43.2
3232,39.48
3233,35.27
3234,33.64
3235,33.36
3236,31.62
3237,16.06
3238,18.12
3239,20.57
3240,26.7
3241,39.07
3242,52.18
3243,62.86
3244,59.56
3245,57.37
3246,77.65
3247,81.66
3248,80.58
3249,64.95
3250,64.23
3251,66.25
3252,56.79
3253,68.27
3254,83.2
3255,82.04
3256,79.64
3257,66.19
3258,69.98
3259,77.78
3260,79.12
3261,64.76
3262,63.47
3263,51.52
3264,41.72
3265,40.41
3266,44.05
3267,36.84
3268,41.94
3269,53.06
3270,57.5
3271,56.76
3272,61.47
3273,61.22
3274,65.61
3275,69.81
3276,84.16
3277,80.62
3278,66.21
3279,65.78
3280,69.11
3281,81.33
3282,94.51
3283,94.58
3284,94.11
3285,94.8
3286,91.62
3287,92.38
3288,88.73
3289,77.54
3290,81.26
3291,63.05
3292,64.81
3293,62.66
3294,53.95
3295,58.63
3296,51.42
3297,59.09
3298,60.51
3299,45.88
3300,65.85
3301,60.23
3302,42.16
3303,41.67
3304,50.84
3305,35.53
3306,41.71
3307,55.41
3308,54.68
3309,56.04
3310,55.25
3311,68.23
3312,73.34
3313,70.47
3314,96.81
3315,96.45
3316,94.99
3317,100.0
3318,100.0
3319,94.26
3320,76.62
3321,73.91
3322,75.57
3323,53.22
3324,57.72
3325,49.76
3326,58.88
3327,48.79
3328,55.71
3329,61.88
3330,67.37
3331,52.97
3332,65.01
3333,54.71
3334,65.09
3335,61.44
3336,73.3
3337,73.76
3338,74.46
3339,45.94
3340,62.59
3341,50.69
3342,48.51
3343,46.36
3344,43.86
3345,45.34
3346,39.13
3347,40.8
3348,58.87
3349,55.27
3350,73.51
3351,65.52
3352,71.92
3353,76.39
3354,70.0
3355,78.45
3356,79.21
3357,76.32
3358,73.69
3359,69.73
3360,91.27
3361,90.16
3362,78.62
3363,83.87
3364,77.86
3365,78.01
3366,69.97
3367,66.33
3368,70.3
3369,69.28
3370,52.47
3371,58.63
3372,30.64
3373,44.48
3374,36.19
3375,30.68
3376,36.83
3377,47.64
3378,41.99
3379,41.6
3380,36.06
3381,52.62
3382,41.8
3383,50.1
3384,66.63
3385,52.98
3386,31.83
3387,34.08
3388,33.51
3389,41.47
3390,40.12
3391,48.31
3392,40.06
3393,36.65
3394,41.99
3395,63.95
3396,68.07
3397,82.11
3398,81.58
3399,76.73
3400,78.39
3401,92.2
3402,91.63
3403,93.17
3404,92.72
3405,91.7
3406,88.83
3407,86.38
3408,89.38
3409,69.67
3410,71.07
3411,68.64
3412,67.15
3413,63.38
3414,31.18
3415,66.6
3416,69.97
3417,57.24
3418,46.86
3419,39.62
3420,43.02
3421,39.73
3422,39.35
3423,44.99
3424,19.04
3425,8.88
3426,9.09
3427,9.42
3428,10.07
3429,4.72
3430,14.85
3431,20.68
3432,15.46
3433,14.35
3434,26.43
3435,29.82
3436,31.98
3437,35.22
3438,52.96
3439,47.39
3440,40.68
3441,60.63
3442,90.99
3443,92.31
3444,88.13
3445,93.68
3446,94.49
3447,93.99
3448,95.02
3449,92.16
3450,71.76
3451,62.93
3452,50.54
3453,48.24
3454,46.86
3455,33.36
3456,25.14
3457,16.27
3458,15.87
3459,17.0
3460,27.01
3461,24.62
3462,21.87
3463,19.26
3464,44.03
3465,54.93
3466,55.02
3467,51.49
3468,65.27
3469,62.87
3470,71.99
3471,84.15
3472,84.97
3473,71.07
3474,70.41
3475,70.27
3476,87.71
3477,85.06
3478,74.88
3479,63.49
3480,68.49
3481,65.53
3482,69.75
3483,71.55
3484,51.84
3485,61.91
3486,57.14
3487,59.55
3488,70.04
3489,69.36
3490,71.94
3491,74.56
3492,68.08
3493,79.39
3494,76.78
3495,78.34
3496,84.08
3497,81.27
3498,79.76
3499,71.0
3500,54.55
3501,44.12
3502,48.63
3503,24.05
3504,45.61
3505,45.34
3506,41.05
3507,30.83
3508,27.02
3509,31.72
3510,47.94
3511,48.98
3512,68.48
3513,60.6
3514,62.44
3515,69.91
3516,84.69
3517,98.77
3518,98.55
3519,98.32
3520,99.79
3521,74.99
3522,75.77
3523,67.98
3524,69.7
3525,58.69
3526,46.49
3527,45.92
3528,31.34
3529,35.59
3530,53.0
3531,46.28
3532,52.36
3533,41.01
3534,42.8
3535,34.11
3536,24.38
3537,27.92
3538,25.95
3539,13.12
3540,23.0
3541,17.27
3542,13.9
3543,18.52
3544,20.95
3545,39.32
3546,48.31
3547,44.78
3548,60.51
3549,55.06
3550,65.62
3551,95.8
3552,92.57
3553,83.74
3554,81.78
3555,73.48
3556,76.86
3557,65.69
3558,70.32
3559,70.85
3560,66.41
3561,52.94
3562,72.85
3563,65.75
3564,71.17
3565,68.08
3566,67.42
3567,60.4
3568,55.02
3569,37.53
3570,43.11
3571,39.33
3572,48.4
3573,37.56
3574,43.09
3575,43.37
3576,45.53
3577,51.52
3578,60.25
3579,63.37
3580,56.12
3581,59.13
3582,74.78
3583,71.68
3584,75.44
3585,60.24
3586,41.75
3587,49.01
3588,60.45
3589,42.62
3590,29.37
3591,33.9
3592,36.67
3593,44.43
3594,49.82
3595,59.62
3596,61.61
3597,53.42
3598,74.5
3599,74.86
3600,72.44
3601,72.32
3602,65.77
3603,65.03
3604,56.3
3605,51.77
3606,41.25
3607,51.22
3608,66.21
3609,62.71
3610,64.42
3611,62.71
3612,54.52
3613,45.48
3614,47.41
3615,58.55
3616,39.21
3617,48.87
3618,47.39
3619,43.83
3620,47.41
3621,51.35
3622,70.59
3623,69.28
3624,69.59
3625,86.62
3626,80.82
3627,84.86
3628,85.71
3629,83.89
3630,94.01
3631,68.52
3632,51.76
3633,53.22
3634,56.08
3635,57.18
3636,57.14
3637,49.66
3638,50.47
3639,49.0
3640,47.15
3641,67.04
3642,59.49
3643,59.53
3644,52.45
3645,56.17
3646,56.75
3647,62.83
3648,58.58
3649,58.76
3650,61.05
3651,55.9
3652,57.58
3653,66.51
3654,59.19
3655,62.93
3656,43.43
3657,54.9
3658,60.28
3659,59.29
3660,63.3
3661,61.31
3662,42.48
3663,43.97
3664,32.35
3665,40.56
3666,11.9
3667,11.55
3668,13.23
3669,11.48
3670,12.94
3671,13.7
3672,28.12
3673,31.51
3674,32.29
3675,56.54
3676,66.46
3677,57.27
3678,80.11
3679,81.89
3680,91.78
3681,90.08
3682,84.33
3683,87.19
3684,85.94
3685,84.83
3686,86.04
3687,80.83
3688,69.93
3689,65.38
3690,55.56
3691,72.68
3692,56.9
3693,35.41
3694,42.55
3695,45.44
3696,35.31
3697,45.34
3698,55.59
3699,58.79
3700,61.95
3701,66.01
3702,64.83
3703,48.93
3704,61.0
3705,47.77
3706,53.87
3707,46.96
3708,44.32
3709,29.62
3710,28.66
3711,43.34
3712,47.16
3713,30.26
3714,51.93
3715,34.03
3716,32.36
3717,28.63
3718,33.19
3719,29.73
3720,19.06
3721,31.88
3722,38.85
3723,36.2
3724,41.71
3725,55.17
3726,70.2
3727,70.85
3728,85.41
3729,84.93
3730,84.39
3731,86.41
3732,82.12
3733,94.61
3734,93.93
3735,93.52
3736,93.58
3737,92.26
3738,96.48
3739,94.27
3740,91.47
3741,93.31
3742,93.21
3743,91.52
3744,87.09
3745,88.03
3746,90.56
3747,90.82
3748,90.72
3749,89.56
3750,97.52
3751,76.66
3752,81.46
3753,83.79
3754,78.75
3755,76.32
3756,54.54
3757,48.4
3758,28.48
3759,34.48
3760,25.48
3761,15.36
3762,11.21
3763,30.07
3764,44.77
3765,48.55
3766,54.52
3767,65.88
3768,64.57
3769,82.29
3770,88.54
3771,93.31
3772,75.13
3773,55.31
3774,31.53
3775,13.09
3776,26.72
3777,45.15
3778,38.77
3779,36.66
3780,37.36
3781,36.7
3782,33.84
3783,50.34
3784,55.45
3785,48.68
3786,45.66
3787,46.92
3788,51.97
3789,40.76
3790,40.45
3791,53.55
3792,37.75
3793,45.2
3794,52.99
3795,45.65
3796,56.28
3797,54.17
3798,61.04
3799,72.69
3800,67.48
3801,85.66
3802,83.49
3803,77.0
3804,74.89
3805,59.19
3806,74.58
3807,83.9
3808,82.45
3809,83.98
3810,77.94
3811,62.11
3812,70.24
3813,63.08
3814,57.66
3815,49.61
3816,34.97
3817,38.29
3818,27.15
3819,26.77
3820,41.66
3821,30.94
3822,42.75
3823,42.15
3824,48.32
3825,53.18
3826,54.03
3827,67.24
3828,63.5
3829,43.8
3830,47.31
3831,38.23
3832,55.05
3833,37.84
3834,39.08
3835,33.29
3836,40.17
3837,43.82
3838,61.06
3839,66.55
3840,68.91
3841,50.05
3842,72.14
3843,85.33
3844,82.42
3845,46.05
3846,58.93
3847,52.47
3848,54.04
3849,50.06
3850,56.09
3851,50.08
3852,49.85
3853,46.07
3854,50.88
3855,49.31
3856,58.11
3857,43.1
3858,37.45
3859,41.56
3860,56.66
3861,49.79
3862,51.45
3863,61.72
3864,62.06
3865,60.98
3866,73.04
3867,82.15
3868,76.7
3869,61.54
3870,66.8
3871,47.49
3872,57.95
3873,37.13
3874,27.62
3875,28.04
3876,25.1
3877,33.68
3878,26.57
3879,26.49
3880,30.52
3881,16.02
3882,42.01
3883,52.02
3884,41.38
3885,37.74
3886,40.95
3887,51.86
3888,64.27
3889,63.12
3890,66.91
3891,58.55
3892,46.26
3893,49.54
3894,59.01
3895,35.99
3896,35.52
3897,32.95
3898,35.38
3899,26.31
3900,31.45
3901,29.0
3902,33.42
3903,42.15
3904,68.11
3905,69.63
3906,65.05
3907,69.26
3908,70.14
3909,67.56
3910,74.02
3911,67.27
3912,48.18
3913,21.94
3914,10.76
3915,28.3
3916,31.89
3917,32.8
3918,30.11
3919,32.97
3920,33.71
3921,38.23
3922,40.34
3923,45.12
3924,48.98
3925,29.06
3926,29.24
3927,31.87
3928,41.99
3929,49.64
3930,48.17
3931,45.77
3932,33.38
3933,9.9
3934,7.85
3935,7.06
3936,28.69
3937,35.99
3938,34.33
3939,33.39
3940,30.25
3941,40.02
3942,48.42
3943,54.86
3944,66.11
3945,49.27
3946,41.43
3947,44.71
3948,45.93
3949,66.03
3950,62.65
3951,59.51
3952,58.84
3953,50.66
3954,53.02
3955,47.97
3956,40.51
3957,47.79
3958,27.95
3959,22.66
3960,36.4
3961,45.13
3962,48.46
3963,66.45
3964,69.35
3965,76.1
3966,76.53
3967,98.85
3968,98.85
3969,93.21
3970,80.59
3971,80.89
3972,75.74
3973,75.76
3974,70.43
3975,58.98
3976,71.46
3977,74.45
3978,76.36
3979,86.04
3980,85.74
3981,82.07
3982,73.55
3983,78.55
3984,83.7
3985,72.47
3986,65.74
3987,70.18
3988,58.77
3989,48.43
3990,46.24
3991,37.67
3992,17.99
3993,29.47
3994,31.39
3995,44.99
3996,42.7
3997,54.14
3998,51.52
3999,55.02
4000,71.69
4001,94.44
4002,73.93
4003,80.36
4004,49.34
4005,34.36
4006,51.09
4007,47.37
4008,40.77
4009,38.52
4010,41.94
4011,36.6
4012,34.07
4013,43.71
4014,58.48
4015,38.15
4016,32.65
4017,40.67
4018,47.9
4019,50.74
4020,58.81
4021,55.16
4022,56.18
4023,45.09
4024,47.48
4025,50.78
4026,46.13
4027,30.15
4028,13.56
4029,12.57
4030,15.53
4031,11.48
4032,9.91
4033,21.89
4034,20.61
4035,21.34
4036,21.37
4037,31.58
4038,42.8
4039,36.59
4040,41.6
4041,44.65
4042,41.56
4043,63.0
4044,61.85
4045,60.32
4046,61.69
4047,58.92
4048,58.81
4049,45.9
4050,52.33
4051,44.75
4052,19.74
4053,35.41
4054,51.38
4055,53.59
4056,49.9
4057,56.68
4058,70.45
4059,62.83
4060,68.04
4061,83.7
4062,75.98
4063,63.53
4064,66.14
4065,69.16
4066,71.37
4067,67.15
4068,81.99
4069,72.59
4070,67.14
4071,71.34
4072,87.59
4073,80.63
4074,80.24
4075,81.2
4076,83.67
4077,84.83
4078,99.22
4079,93.11
4080,83.83
4081,77.75
4082,77.9
4083,80.57
4084,80.85
4085,69.99
4086,69.19
4087,60.67
4088,51.67
4089,66.28
4090,51.61
4091,52.5
4092,44.92
4093,50.27
4094,61.26
4095,57.41
4096,59.17
4097,73.63
4098,71.51
4099,92.42
4100,77.7
4101,80.52
4102,71.53
4103,59.76
4104,62.69
4105,44.75
4106,30.33
4107,37.58
4108,27.02
4109,27.54
4110,26.36
4111,34.81
4112,32.24
4113,44.18
4114,43.89
4115,47.14
4116,32.18
4117,48.05
4118,44.56
4119,43.95
4120,36.37
4121,41.09
4122,26.74
4123,49.73
4124,56.13
4125,66.17
4126,60.48
4127,68.89
4128,69.34
4129,81.61
4130,75.36
4131,80.15
4132,72.6
4133,67.65
4134,68.17
4135,49.22
4136,45.06
4137,40.56
4138,33.31
4139,44.36
4140,29.59
4141,40.63
4142,36.92
4143,35.39
4144,59.0
4145,37.11
4146,32.06
4147,43.32
4148,49.0
4149,56.08
4150,53.64
4151,50.26
4152,53.29
4153,46.95
4154,74.38
4155,90.26
4156,89.05
4157,86.02
4158,84.34
4159,84.16
4160,96.92
4161,96.68
4162,100.0
4163,85.21
4164,84.43
4165,65.92
4166,61.26
4167,44.63
4168,40.72
4169,34.82
4170,26.86
4171,13.8
4172,26.95
4173,13.69
4174,56.08
4175,56.78
4176,57.39
4177,54.53
4178,67.19
4179,66.02
4180,81.88
4181,67.97
4182,69.56
4183,56.78
4184,52.7
4185,49.6
4186,56.0
4187,32.55
4188,32.9
4189,17.28
4190,43.74
4191,35.69
4192,28.02
4193,34.17
4194,46.02
4195,49.08
4196,55.02
4197,53.44
4198,30.62
4199,40.45
4200,33.02
4201,33.65
4202,41.92
4203,35.79
4204,33.32
4205,34.16
4206,43.19
4207,64.32
4208,46.7
4209,51.61
4210,59.94
4211,56.99
4212,50.97
4213,58.0
4214,55.08
4215,44.51
4216,45.18
4217,50.34
4218,58.11
4219,55.91
4220,38.83
4221,50.05
4222,33.72
4223,40.8
4224,43.1
4225,39.31
4226,44.37
4227,43.46
4228,32.56
4229,61.72
4230,52.84
4231,61.79
4232,53.76
4233,60.04
4234,46.91
4235,28.24
4236,25.72
4237,24.98
4238,7.61
4239,56.34
4240,58.83
4241,71.37
4242,77.11
4243,79.06
4244,86.82
4245,93.55
4246,91.4
4247,95.12
4248,88.5
4249,88.73
4250,85.25
4251,80.13
4252,81.32
4253,72.07
4254,70.32
4255,79.31
4256,80.76
4257,83.31
4258,81.57
4259,80.03
4260,87.74
4261,87.67
4262,96.94
4263,97.0
4264,97.41
4265,84.09
4266,87.09
4267,85.55
4268,85.61
4269,81.25
4270,75.26
4271,65.33
4272,63.63
4273,54.23
4274,55.24
4275,45.33
4276,39.78
4277,49.86
4278,46.34
4279,45.3
4280,54.53
4281,45.83
4282,42.25
4283,60.67
4284,55.8
4285,60.94
4286,44.53
4287,35.19
4288,33.09
4289,36.96
4290,40.78
4291,55.14
4292,59.32
4293,68.04
4294,67.82
4295,61.15
4296,54.05
4297,61.54
4298,54.82
4299,67.93
4300,60.53
4301,52.0
4302,45.76
4303,55.96
4304,73.51
4305,90.89
4306,91.7
4307,93.43
4308,91.65
4309,94.41
4310,95.04
4311,100.0
4312,100.0
4313,100.0
4314,100.0
4315,92.97
4316,95.45
4317,79.09
4318,79.04
4319,67.92
4320,62.71
4321,53.66
4322,52.98
4323,55.11
4324,55.43
4325,13.22
4326,43.01
4327,40.9
4328,44.48
4329,47.21
4330,31.51
4331,30.77
4332,23.89
4333,22.09
4334,22.02
4335,27.39
4336,26.12
4337,35.12
4338,32.21
4339,48.05
4340,52.85
4341,49.2
4342,56.89
4343,61.89
4344,42.59
4345,48.44
4346,22.47
4347,17.34
4348,48.65
4349,35.36
4350,31.1
4351,44.76
4352,43.46
4353,55.08
4354,63.6
4355,65.59
4356,74.07
4357,65.91
4358,72.49
4359,84.73
4360,80.63
4361,83.96
4362,78.02
4363,53.91
4364,50.16
4365,42.32
4366,45.45
4367,46.29
4368,55.8
4369,54.04
4370,22.95
4371,23.02
4372,36.6
4373,45.11
4374,49.69
4375,55.23
4376,59.95
4377,55.76
4378,52.76
4379,86.5
4380,88.2
4381,86.49
4382,79.98
4383,70.36
4384,67.92
4385,62.82
4386,70.18
4387,72.39
4388,80.03
4389,76.0
4390,69.41
4391,75.17
4392,89.7
4393,78.27
4394,70.05
4395,62.77
4396,67.41
4397,60.7
4398,42.6
4399,58.44
4400,43.09
4401,35.58
4402,50.88
4403,55.38
4404,45.04
4405,51.12
4406,49.94
4407,56.44
4408,55.22
4409,72.31
4410,73.3
4411,65.15
4412,58.77
4413,84.98
4414,75.12
4415,70.47
4416,60.73
4417,58.79
4418,64.65
4419,64.7
4420,67.73
4421,77.68
4422,77.94
4423,83.61
4424,88.46
4425,100.0
4426,100.0
4427,92.49
4428,82.2
4429,51.22
4430,46.82
4431,52.57
4432,48.38
4433,49.89
4434,27.35
4435,22.45
4436,26.2
4437,42.26
4438,48.11
4439,45.64
4440,38.06
4441,37.36
4442,39.84
4443,63.18
4444,76.45
4445,76.91
4446,37.04
4447,49.58
4448,50.13
4449,48.44
4450,66.31
4451,66.51
4452,67.04
4453,66.59
4454,67.66
4455,96.33
4456,96.25
4457,100.0
4458,92.01
4459,84.94
4460,71.6
4461,66.48
4462,67.43
4463,65.28
4464,61.16
4465,71.07
4466,73.59
4467,83.44
4468,88.27
4469,97.33
4470,97.17
4471,97.24
4472,97.25
4473,91.26
4474,88.64
4475,88.67
4476,89.21
4477,90.27
4478,90.7
4479,94.95
4480,85.96
4481,88.34
4482,79.7
4483,80.65
4484,79.42
4485,70.52
4486,65.16
4487,67.51
4488,63.55
4489,70.07
4490,60.62
4491,78.57
4492,74.37
4493,53.46
4494,60.33
4495,59.06
4496,45.97
4497,17.26
4498,42.49
4499,34.89
4500,40.84
4501,51.62
4502,53.97
4503,58.46
4504,58.74
4505,70.68
4506,83.51
4507,85.59
4508,90.28
4509,90.15
4510,78.93
4511,80.91
4512,81.62
4513,83.17
4514,79.56
4515,79.88
4516,72.59
4517,69.01
4518,72.23
4519,86.21
4520,86.44
4521,82.21
4522,80.71
4523,75.95
4524,70.18
4525,67.31
4526,80.9
4527,56.65
4528,53.37
4529,65.76
4530,76.51
4531,81.23
4532,82.77
4533,85.46
4534,83.4
4535,85.69
4536,97.42
4537,96.2
4538,96.87
4539,88.69
4540,86.9
4541,89.43
4542,88.11
4543,89.89
4544,89.26
4545,89.21
4546,76.85
4547,48.44
4548,55.4
4549,54.78
4550,29.9
4551,17.8
4552,30.43
4553,27.29
4554,16.47
4555,23.63
4556,32.89
4557,32.36
4558,35.61
4559,46.12
4560,64.67
4561,50.97
4562,48.3
4563,78.33
4564,78.51
4565,78.39
4566,67.4
4567,52.9
4568,37.94
4569,36.4
4570,48.26
4571,51.78
4572,46.57
4573,40.09
4574,41.25
4575,44.19
4576,49.38
4577,54.63
4578,60.13
4579,52.58
4580,42.05
4581,47.89
4582,43.75
4583,15.33
4584,13.51
4585,35.39
4586,34.2
4587,31.31
4588,35.58
4589,34.14
4590,39.55
4591,44.04
4592,59.05
4593,56.3
4594,45.61
4595,60.46
4596,56.0
4597,56.6
4598,64.07
4599,61.4
4600,61.11
4601,55.65
4602,72.07
4603,63.34
4604,51.45
4605,44.85
4606,35.45
4607,48.73
4608,39.81
4609,24.45
4610,23.94
4611,22.32
4612,26.62
4613,43.61
4614,64.77
4615,62.9
4616,60.85
4617,67.84
4618,79.19
4619,84.84
4620,83.47
4621,84.24
4622,73.83
4623,70.95
4624,78.42
4625,62.74
4626,57.36
4627,49.01
4628,42.49
4629,35.3
4630,46.43
4631,40.77
4632,47.82
4633,44.17
4634,48.89
4635,57.05
4636,61.54
4637,65.0
4638,82.2
4639,77.49
4640,87.22
4641,81.35
4642,68.02
4643,60.94
4644,22.04
4645,10.85
4646,0.67
4647,12.16
4648,9.12
4649,12.28
4650,11.02
4651,18.09
4652,22.93
4653,31.65
4654,29.2
4655,45.42
4656,44.48
4657,73.39
4658,75.83
4659,72.66
4660,75.1
4661,75.77
4662,75.93
4663,84.16
4664,82.89
4665,73.1
4666,64.04
4667,57.14
4668,81.8
4669,80.61
4670,81.04
4671,72.78
4672,59.97
4673,61.17
4674,64.75
4675,64.66
4676,70.17
4677,64.81
4678,62.89
4679,53.7
4680,53.81
4681,50.39
4682,36.34
4683,48.04
4684,41.76
4685,53.83
4686,56.31
4687,55.04
4688,59.13
4689,58.5
4690,64.32
4691,74.94
4692,77.66
4693,86.58
4694,81.56
4695,67.2
4696,62.04
4697,58.09
4698,66.34
4699,74.81
4700,60.03
4701,27.57
4702,41.21
4703,37.34
4704,65.73
4705,69.29
4706,59.58
4707,68.51
4708,73.49
4709,85.45
4710,91.36
4711,75.94
4712,70.88
4713,60.49
4714,62.02
4715,67.8
4716,68.04
4717,66.97
4718,59.65
4719,44.21
4720,44.26
4721,49.72
4722,52.46
4723,25.22
4724,18.42
4725,21.73
4726,16.68
4727,31.47
4728,32.76
4729,31.05
4730,31.66
4731,30.89
4732,40.77
4733,39.66
4734,42.54
4735,39.15
4736,20.37
4737,34.17
4738,44.81
4739,48.84
4740,49.15
4741,54.84
4742,72.33
4743,73.93
4744,83.95
4745,85.63
4746,60.95
4747,53.88
4748,42.99
4749,50.41
4750,48.88
4751,37.11
4752,14.31
4753,13.91
4754,14.05
4755,32.39
4756,37.37
4757,55.63
4758,51.05
4759,52.57
4760,67.38
4761,60.9
4762,59.1
4763,51.7
4764,46.0
4765,42.88
4766,30.9
4767,33.45
4768,21.66
4769,9.49
4770,16.87
4771,14.88
4772,15.52
4773,11.93
4774,9.69
4775,30.02
4776,33.11
4777,36.68
4778,46.37
4779,45.41
4780,41.82
4781,56.86
4782,64.05
4783,78.77
4784,70.23
4785,68.47
4786,70.6
4787,63.96
4788,66.18
4789,94.6
4790,91.79
4791,93.23
4792,71.96
4793,73.46
4794,69.92
4795,73.73
4796,68.35
4797,66.27
4798,71.55
4799,68.23
4800,62.29
4801,81.43
4802,81.45
4803,81.52
4804,65.84
4805,73.72
4806,69.39
4807,67.74
4808,71.56
4809,64.44
4810,70.53
4811,67.08
4812,69.5
4813,75.62
4814,81.97
4815,85.72
4816,78.34
4817,70.63
4818,73.0
4819,60.18
4820,46.02
4821,41.32
4822,39.94
4823,18.95
4824,12.79
4825,30.22
4826,29.55
4827,40.58
4828,34.62
4829,51.52
4830,55.31
4831,61.8
4832,66.07
4833,74.59
4834,44.29
4835,48.45
4836,48.14
4837,46.59
4838,44.48
4839,50.55
4840,61.32
4841,63.75
4842,59.14
4843,89.92
4844,90.15
4845,81.81
4846,71.3
4847,69.17
4848,61.28
4849,58.65
4850,62.27
4851,63.53
4852,54.61
4853,58.7
4854,61.53
4855,86.53
4856,79.52
4857,68.42
4858,59.66
4859,62.82
4860,61.09
4861,48.77
4862,34.35
4863,49.68
4864,37.53
4865,25.47
4866,28.59
4867,20.53
4868,26.74
4869,16.54
4870,26.84
4871,32.93
4872,33.53
4873,32.99
4874,41.05
4875,47.48
4876,48.52
4877,38.24
4878,59.31
4879,43.56
4880,33.02
4881,24.62
4882,20.73
4883,22.11
4884,35.32
4885,43.96
4886,56.19
4887,59.83
4888,69.14
4889,77.77
4890,75.14
4891,95.89
4892,94.72
4893,91.94
4894,93.03
4895,91.96
4896,91.84
4897,87.53
4898,89.08
4899,77.05
4900,73.53
4901,74.09
4902,75.46
4903,67.45
4904,68.78
4905,65.58
4906,64.65
4907,54.91
4908,68.28
4909,72.81
4910,80.3
4911,83.36
4912,81.87
4913,78.56
4914,64.14
4915,67.56
4916,71.5
4917,74.14
4918,77.01
4919,62.02
4920,35.11
4921,37.48
4922,41.49
4923,48.11
4924,30.28
4925,24.55
4926,21.43
4927,4.48
4928,19.37
4929,20.44
4930,31.81
4931,29.7
4932,25.6
4933,39.25
4934,32.95
4935,36.02
4936,53.03
4937,51.96
4938,49.22
4939,46.79
4940,49.35
4941,45.43
4942,43.23
4943,56.99
4944,59.96
4945,60.3
4946,56.36
4947,53.51
4948,53.45
4949,59.39
4950,79.5
4951,76.78
4952,83.24
4953,82.93
4954,79.49
4955,79.43
4956,88.53
4957,86.29
4958,79.74
4959,71.63
4960,56.15
4961,52.7
4962,25.23
4963,36.46
4964,30.09
4965,32.96
4966,38.11
4967,24.44
4968,17.54
4969,25.98
4970,40.02
4971,41.03
4972,29.73
4973,36.97
4974,42.55
4975,47.91
4976,55.15
4977,75.94
4978,73.22
4979,66.43
4980,59.51
4981,75.94
4982,69.45
4983,66.34
4984,49.25
4985,59.88
4986,54.34
4987,54.6
4988,59.5
4989,68.87
4990,76.65
4991,82.09
4992,81.82
4993,84.13
4994,84.58
4995,82.44
4996,84.4
4997,82.12
4998,99.99
4999,99.61
5000,99.69
5001,99.69
5002,84.0
5003,62.62
5004,56.77
5005,62.66
5006,70.42
5007,69.18
5008,70.72
5009,52.87
5010,37.93
5011,32.42
5012,43.21
5013,46.41
5014,54.77
5015,44.3
5016,41.11
5017,40.55
5018,52.79
5019,64.94
5020,86.66
5021,84.92
5022,81.76
5023,76.44
5024,91.51
5025,96.16
5026,91.26
5027,89.64
5028,89.97
5029,65.7
5030,67.72
5031,79.47
5032,61.08
5033,60.75
5034,51.36
5035,58.81
5036,61.91
5037,55.88
5038,65.68
5039,64.59
5040,57.11
5041,78.36
5042,78.02
5043,75.89
5044,71.39
5045,62.02
5046,59.4
5047,35.19
5048,42.3
5049,38.87
5050,31.53
5051,18.61
5052,27.0
5053,41.11
5054,52.53
5055,57.79
5056,62.17
5057,61.96
5058,61.76
5059,64.1
5060,79.49
5061,76.83
5062,63.12
5063,52.29
5064,43.81
5065,45.56
5066,18.63
5067,13.13
5068,4.1
5069,2.98
5070,2.74
5071,26.36
5072,21.5
5073,34.93
5074,31.61
5075,35.09
5076,30.22
5077,39.47
5078,38.33
5079,31.67
5080,35.55
5081,30.08
5082,29.47
5083,28.73
5084,30.15
5085,32.62
5086,25.04
5087,39.47
5088,50.0
5089,47.13
5090,58.09
5091,56.35
5092,63.17
5093,55.07
5094,63.99
5095,65.81
5096,63.54
5097,60.65
5098,57.05
5099,68.51
5100,60.1
5101,68.78
5102,76.22
5103,73.89
5104,83.3
5105,62.92
5106,54.19
5107,50.52
5108,47.31
5109,55.16
5110,52.61
5111,59.6
5112,65.19
5113,51.62
5114,51.14
5115,63.97
5116,58.88
5117,53.02
5118,52.08
5119,53.92
5120,52.32
5121,32.76
5122,30.04
5123,48.04
5124,48.73
5125,60.76
5126,57.77
5127,59.6
5128,52.17
5129,53.81
5130,68.83
5131,84.82
5132,78.88
5133,78.01
5134,69.85
5135,86.78
5136,87.71
5137,91.92
5138,94.45
5139,94.32
5140,82.47
5141,78.49
5142,47.25
5143,51.3
5144,50.21
5145,50.2
5146,48.4
5147,37.95
5148,28.87
5149,33.92
5150,38.81
5151,56.17
5152,52.92
5153,37.41
5154,38.52
5155,45.0
5156,44.45
5157,49.26
5158,53.97
5159,46.27
5160,60.25
5161,49.36
5162,69.4
5163,61.33
5164,66.58
5165,71.41
5166,66.84
5167,58.38
5168,70.71
5169,70.43
5170,88.32
5171,67.17
5172,60.37
5173,47.95
5174,32.32
5175,43.1
5176,38.64
5177,42.49
5178,45.0
5179,44.95
5180,65.45
5181,75.76
5182,74.79
5183,87.88
5184,81.73
5185,94.42
5186,89.95
5187,88.71
5188,82.62
5189,73.03
5190,63.28
5191,63.29
5192,57.05
5193,74.7
5194,63.21
5195,71.1
5196,74.24
5197,82.8
5198,73.45
5199,81.33
5200,85.28
5201,57.12
5202,46.24
5203,37.11
5204,43.99
5205,36.32
5206,35.76
5207,43.89
5208,40.33
5209,31.85
5210,41.38
5211,39.88
5212,42.07
5213,33.09
5214,31.17
5215,28.41
5216,29.52
5217,41.45
5218,38.42
5219,47.77
5220,53.2
5221,62.64
5222,67.62
5223,72.02
5224,76.85
5225,74.69
5226,71.94
5227,78.79
5228,70.11
5229,64.74
5230,68.03
5231,62.07
5232,60.94
5233,50.18
5234,42.79
5235,42.46
5236,30.06
5237,21.61
5238,20.93
5239,13.85
5240,14.7
5241,16.19
5242,25.42
5243,38.83
5244,42.6
5245,50.68
5246,59.33
5247,71.03
5248,93.3
5249,92.34
5250,87.99
5251,87.91
5252,87.6
5253,81.37
5254,68.15
5255,70.24
5256,52.34
5257,53.68
5258,61.81
5259,65.22
5260,59.6
5261,42.37
5262,50.98
5263,62.54
5264,63.38
5265,75.86
5266,64.36
5267,54.85
5268,57.87
5269,53.48
5270,69.34
5271,51.79
5272,61.85
5273,57.17
5274,53.57
